Number,img,alt,desc
Jan 22 2019,https://i.imgur.com/iv1j8um.jpeg,,
Feb 4 2019,https://i.imgur.com/ixEj8Ic.png,,
Apr 15 2019,https://i.imgur.com/hkbeWZg.png,,
Jun 11 2019,https://i.imgur.com/rqD7UUS.png,,
Dec 20 2020,https://i.imgur.com/Ozu9wlK.png,,
Jan 1 2020,https://i.imgur.com/mKoeBIb.jpeg,,
Feb 28 2020,https://i.imgur.com/Aw19kSz.png,,
Aug 1 2020,https://i.imgur.com/3lW7ZDk.png,,
Aug 20 2020,https://i.imgur.com/mTDrMbN.png,,
Sep 14 2020,https://i.imgur.com/Y27AhRm.png,,
Jan 11 2021,https://i.imgur.com/ejgFj7R.png,,
Mar 12 2021,https://i.imgur.com/Bizg4C3.png,,
Apr 3 2021,https://i.imgur.com/FZpZcMG.png,,
Jun 20 2021,https://i.imgur.com/TAAzry8.png,,
Oct 8 2021,https://i.imgur.com/FbNcuCn.png,,
Dec 29 2022,https://i.imgur.com/ldKEv62.png,,
Jan 11 2023,https://i.imgur.com/p5kiik6.png,,
Jan 16 2023,https://i.imgur.com/Ww0VDEQ.png,,
Sep 27 2023,https://i.imgur.com/rKYzkH9.png,,
Oct 11 2023,https://i.imgur.com/2BlPOkL.png,,
Feb 1 2024,https://i.imgur.com/HsBx2b0.png,,
Feb 8 2024,https://i.imgur.com/kNQnRYY.png,,