Time,Alt,Description,Link
2008,,Deidara - Flash,https://i.imgur.com/6UOpc83.jpg
2008,,Deidara - Flash,https://i.imgur.com/Dx5v6Fx.jpg
2009,,flash,https://i.imgur.com/87TdL1j.jpg
2009,,lina inverse,https://i.imgur.com/UzeLMri.jpg
2010,,fursona,https://i.imgur.com/WVEG1Tr.png
2010,,cat,https://i.imgur.com/XxbSvkV.png
2010,,sleepy fursona,https://i.imgur.com/4gjTQ63.jpg
2010,,arctic,https://i.imgur.com/BwG7oyZ.jpg
2010,,arctic,https://i.imgur.com/e3OF3MM.png
2010,,art for friend,https://i.imgur.com/WcYBhEv.jpg
2010,,self portrait again,https://i.imgur.com/JPnsA2O.jpg
2010,,doodle,https://i.imgur.com/Nq1kkyr.png
2010,,sonic,https://i.imgur.com/49tQrCz.png
2010,,fursona,https://i.imgur.com/Oy9pQbN.jpg
2010,,knuckles,https://i.imgur.com/5S80jz2.jpg
2011,,fursona again,https://i.imgur.com/jTmqkIp.jpg
2011,,fursona,https://i.imgur.com/EUMMMfy.png
2010,,adventure time homestuck,https://i.imgur.com/pHHio4m.jpg
2011,,vriska,https://i.imgur.com/XwlHEac.jpg
2011,,self portrait again,https://i.imgur.com/CXAJR6i.png
2011,,kirby devoured otacon,https://i.imgur.com/8GObvse.jpg
2011,,clefairy,https://i.imgur.com/PsyCmfG.jpg
2011,,blaziken,https://i.imgur.com/1Yenv4L.jpg
2011,,skitty,https://i.imgur.com/iLDE5ZW.png
2011,,tallest purple,https://i.imgur.com/njqDKsV.jpg
2011,,castle crashers,https://i.imgur.com/3sfNNyG.png
2011,,mordekai,https://i.imgur.com/VXyZUy4.png
2011,,mario as roscharch or whatever,https://i.imgur.com/MSg0MuK.png
2011,,davesprite plush,https://i.imgur.com/I7RnsbD.jpg
2011,,karkat,https://i.imgur.com/acGD4pQ.jpg